{
  "n_runs": 500,
  "n_seeds": 50,
  "seed_range": [
    0,
    49
  ],
  "correlations": {
    "zero": {
      "r_all_modes": 0.8867210834830354,
      "n_all_modes": 250,
      "r_persistence_only": 0.6961325504396789,
      "n_persistence_only": 100
    },
    "wrap": {
      "r_all_modes": 0.8918803722455574,
      "n_all_modes": 250,
      "r_persistence_only": 0.7798764578363607,
      "n_persistence_only": 100
    }
  },
  "mode_statistics": {
    "wrap_active_persist": {
      "S_coh_mean": 5.414345848738818,
      "S_coh_std": 0.03795770283888824,
      "S_pred_mean": 0.06366212699894178,
      "S_pred_std": 0.0014623342172883033,
      "S_total_mean": 5.47800797573776,
      "S_total_std": 0.036903827284067145,
      "identity_mean": 0.693857476349806,
      "identity_std": 0.013378646866090686,
      "A_hat_mean": 0.007878487910261805,
      "A_hat_std": 0.00013517068961892205,
      "action_rate_mean": 0.04967129291453616,
      "action_rate_std": 6.938893903907228e-18,
      "n": 50
    },
    "zero_active_persist": {
      "S_coh_mean": 5.441449257284691,
      "S_coh_std": 0.03589217755876045,
      "S_pred_mean": 0.06532471629729919,
      "S_pred_std": 0.001475103372298559,
      "S_total_mean": 5.506773973581991,
      "S_total_std": 0.03475556594763813,
      "identity_mean": 0.6998108379647716,
      "identity_std": 0.013111953114287362,
      "A_hat_mean": 0.007765869115513166,
      "A_hat_std": 0.00012025858056382291,
      "action_rate_mean": 0.04967129291453616,
      "action_rate_std": 6.938893903907228e-18,
      "n": 50
    },
    "wrap_active_random": {
      "S_coh_mean": 6.824607660271222,
      "S_coh_std": 0.013472680627683371,
      "S_pred_mean": 0.003731957690395974,
      "S_pred_std": 0.0007210228605314984,
      "S_total_mean": 6.8283396179616185,
      "S_total_std": 0.013235471834481965,
      "identity_mean": 0.0004142698892828265,
      "identity_std": 0.0003634148128310158,
      "A_hat_mean": 0.004499144597940532,
      "A_hat_std": 9.21064833067428e-05,
      "action_rate_mean": 0.04967129291453616,
      "action_rate_std": 6.938893903907228e-18,
      "n": 50
    },
    "zero_active_random": {
      "S_coh_mean": 6.831457145822748,
      "S_coh_std": 0.012801794415109561,
      "S_pred_mean": 0.003067812513341763,
      "S_pred_std": 0.0005954230733393275,
      "S_total_mean": 6.8345249583360905,
      "S_total_std": 0.012474096472099213,
      "identity_mean": 0.0003732725521196132,
      "identity_std": 0.0002885016464788951,
      "A_hat_mean": 0.004474253421410306,
      "A_hat_std": 7.266878490788496e-05,
      "action_rate_mean": 0.04967129291453616,
      "action_rate_std": 6.938893903907228e-18,
      "n": 50
    },
    "wrap_object_off_tracked": {
      "S_coh_mean": 5.6323264298444675,
      "S_coh_std": 0.017841544065257266,
      "S_pred_mean": 0.47951642492889823,
      "S_pred_std": 0.014170143051503166,
      "S_total_mean": 6.111842854773366,
      "S_total_std": 0.015868334550591154,
      "identity_mean": 0.609854227189561,
      "identity_std": 0.010073702236609096,
      "A_hat_mean": 0.005626780149558813,
      "A_hat_std": 4.731876357395941e-05,
      "action_rate_mean": 0.0,
      "action_rate_std": 0.0,
      "n": 50
    },
    "zero_object_off_tracked": {
      "S_coh_mean": 5.551306374305896,
      "S_coh_std": 0.01971785604646458,
      "S_pred_mean": 0.5457827330358275,
      "S_pred_std": 0.013085325418859055,
      "S_total_mean": 6.097089107341723,
      "S_total_std": 0.01557449991167351,
      "identity_mean": 0.6460426991254817,
      "identity_std": 0.010022360033833486,
      "A_hat_mean": 0.005644904280018716,
      "A_hat_std": 4.4935804448405075e-05,
      "action_rate_mean": 0.0,
      "action_rate_std": 0.0,
      "n": 50
    },
    "wrap_passive_nopersist": {
      "S_coh_mean": 6.832694483719955,
      "S_coh_std": 0.013411470707864597,
      "S_pred_mean": 0.002889155096313951,
      "S_pred_std": 0.0004947175038938988,
      "S_total_mean": 6.835583638816269,
      "S_total_std": 0.013285500183253958,
      "identity_mean": 0.00032307573105518436,
      "identity_std": 0.0003029540539509935,
      "A_hat_mean": 0.0044665644112549165,
      "A_hat_std": 8.484080379254151e-05,
      "action_rate_mean": 0.0,
      "action_rate_std": 0.0,
      "n": 50
    },
    "zero_passive_nopersist": {
      "S_coh_mean": 6.840959112473768,
      "S_coh_std": 0.012187359442353001,
      "S_pred_mean": 0.0024511243319071604,
      "S_pred_std": 0.0005070392003242536,
      "S_total_mean": 6.843410236805677,
      "S_total_std": 0.011845197245442718,
      "identity_mean": 0.00024483228803363324,
      "identity_std": 0.00026610806057616115,
      "A_hat_mean": 0.00444201864642703,
      "A_hat_std": 8.696643210192467e-05,
      "action_rate_mean": 0.0,
      "action_rate_std": 0.0,
      "n": 50
    },
    "wrap_passive_persist": {
      "S_coh_mean": 5.552297417148766,
      "S_coh_std": 0.032619759995281536,
      "S_pred_mean": 0.05703211846825933,
      "S_pred_std": 0.0012743856861877536,
      "S_total_mean": 5.609329535617024,
      "S_total_std": 0.03165391239902675,
      "identity_mean": 0.6753868234153303,
      "identity_std": 0.012225759826212523,
      "A_hat_mean": 0.007263048098282843,
      "A_hat_std": 0.00012308826644953774,
      "action_rate_mean": 0.0,
      "action_rate_std": 0.0,
      "n": 50
    },
    "zero_passive_persist": {
      "S_coh_mean": 5.552309499928704,
      "S_coh_std": 0.024698351616620828,
      "S_pred_mean": 0.05940665445148863,
      "S_pred_std": 0.0012967060377735763,
      "S_total_mean": 5.611716154380191,
      "S_total_std": 0.024015182356089657,
      "identity_mean": 0.687468324658152,
      "identity_std": 0.009503081851320292,
      "A_hat_mean": 0.007259505041578035,
      "A_hat_std": 9.782588193004946e-05,
      "action_rate_mean": 0.0,
      "action_rate_std": 0.0,
      "n": 50
    }
  }
}